Checked,name_en,name_ja,key_author,affiliation_en,affiliation_ja,mail
,"Abe, Hirokazu",阿部 浩和,阿部 浩和,,,
,"Abe, Hironobu",阿倍 博信,阿倍 博信,,,
1,"Abe, Shun ",阿部 隼,SHUN ABE,Osaka University,大阪大学,
,"Adachi, Tatsuya",足立 樹哉,足立 樹哉,,,
,AI-Sakib Khan Pathan,,AI-SAKIB KHAN PATHAN,,,
,"Aiko, Zennosuke",愛甲 善之助,愛甲 善之助,Osaka University,大阪大学,
1,"Aisaka, Kazuki",相坂 一樹,KAZUKI AISAKA,,,
,"Akahani, Jyunichi",赤埴 淳一,赤埴 淳一,,,
,"Akama, Koki",赤間 浩樹,赤間 浩樹,,,
,Akiko Yamazoe-Umemoto,,AKIKO YAMAZOE-UMEMOTO,,,
,Akinori Yonezawa,,AKINORI YONEZAWA,,,
1,"Akiyama, Toyokazu ",秋山 豊和,TOYOKAZU AKIYAMA,Osaka University,大阪大学,
,Al-Sakib Khan Pathan,,AL-SAKIB KHAN PATHAN,,,
1,"Amagata, Daich",天方 大地,DAICH AMAGATA,Osaka University,大阪大学,
1,"Ammae, Osamu",庵前 修,OSAMU AMMAE,,,
,Andrew Finch,,ANDREW FINCH,,,
,Anthony O. Abraham,,ANTHONY O. ABRAHAM,,,
,"Aoki, Kosuke",青木 功介,青木 功介,,,
,"Aoki, Yasuto",青木泰人,青木泰人,,,
,"Aoyama, Tomoki",青山 友紀,青山 友紀,,,
1,"Aramaki, Eiji",荒牧 英治,EIJI ARAMAKI,,,
1,"Arase, Yuki",荒瀬 由紀,ARASE YUKI,,,
,"Arikawa, Hushio",有川 節夫,有川節夫,,,
,"Arikawa, Masatoshi",有川 正俊,有川 正俊,,,
,"Ariki, Yasuo",有木 康雄,有木 康雄,,,
,"Aruga, Sadakazu",有賀 貞一,有賀 貞一,,,
1,"Ashikaga, Erika",足利 えりか,ERIKA ASHIKAGA,Osaka University,大阪大学,
,Athanasios V. Vasilakos,,ATHANASIOS V. VASILAKOS,,,
1,"Baba, Ken-ichi",馬場 健一,KEN-ICHI BABA,,,
,"Baku, Kun",莫 君,莫 君,,,
,Bich Lam Ngoc Ly,,BICH LAM NGOC LY,,,
,Cai Jing,,CAI JING,,,
,Cai Wei,,CAI WEI,,,
,Can Ma,,CAN MA,,,
,Canfeng Chen,,CANFENG CHEN,,,
,Canfeng-David Chen,,CANFENG-DAVID CHEN,,,
,Chang-Xiang Wang,,CHANG-XIANG WANG,,,
,Chen Min,,CHEN MIN,,,
,Chen-Hao Chan,,CHEN-HAO CHAN,,,
,Cheng Meng,,CHENG MENG,,,
,Cheng-Xiang Wang,,CHENG-XIANG WANG,,,
,Chien-Le Goh,,CHIEN-LE GOH,,,
,"Cho, Yu",趙 勇,趙 勇,,,
,Chuan Zhu,,CHUAN ZHU,,,
,Chuang Liu,,CHUANG LIU,,,
,Chunlei Liu,,CHUNLEI LIU,,,
,Chunlin Zheng,,CHUNLIN ZHENG,,,
,Chunsheng Zhu,,CHUNSHENG ZHU,,,
,"Chyo, XX",張 伊喆,張 伊喆,,,
,"Chyo, XX2",張 兵,張 兵,,,
,Cosmas Krisna Adiputra,,COSMAS KRISNA ADIPUTRA,,,
,Dipanjan Chakraborty,,DIPANJAN CHAKRABORTY,,,
,Djoni Tjung,,DJONI TJUNG,,,
?,"Dobayashi, Rieko",,RIEKO DOBAYASHI,,,
,"Doi, Keiji",土井 敬二,土井 敬二,,,
,"Doi, Miwako",土井 美和子,土井 美和子[著]原 隆浩[コーディネーター],,,
,Duong Hong Nguyen,,DUONG HONG NGUYEN,,,
1,"Ebara, Yasuo",,EBARA YASUO,,,
,Ei Khaing Win,,EI KHAING WIN,,,
1,Erdmann Maike,坂根 栄作,ERDMANN MAIKE,,,
,Erik Buchmann,,ERIK BUCHMANN,,,
,Fan Ga Peto,ファン ガ ベト,ファン ガ ベト,,,
,Fangnan Yang,,FANGNAN YANG,,,
,Fei Tong,,FEI TONG,,,
,Feng Gao,,FENG GAO,,,
,Feng Liu,,FENG LIU,,,
,"Fujihara, Hiroyuki",藤原 礼征,藤原礼征,,,
,"Fujihara, Toru",藤原 融,藤原 融,,,
,"Fujii, Toshimitsu",藤井 俊充,藤井 俊充,,,
,"Fujii, Toshimitsu ",,TOSHIMITSU FUJII,,,
1,"Fujikawa, Kazutoshi",藤川 利和,KAZUTOSHI FUJIKAWA,,,
1,"Fujimoto, Hiroshi",,HIROSHI FUJIMOTO,,,
,"Fujimoto, Taku",藤本 拓,藤本 拓,,,
,"Fujioka, Satoaki",藤岡 慧明,藤岡 慧明,,,
1,"Fujita, Kosuke",,KOSUKE FUJITA,,,
1,"Fujita, Naotaka",藤田 直生,NAOTAKA FUJITA,,,
1,"Fujiwara, Hiroyuki",,HIROYUKI FUJIWARA,,,
1,"Fujiwara, Kentaro",藤原 謙太郎,KENTARO FUJIWARA,,,
1,"Fukano, Jun",,JUN FUKANO,,,
1,"Fukuda, Takahito",,FUKUDA TAKAHITO,,,
1,"Fukumura, Shinya ",福村 真哉,SHINYA FUKUMURA,,,
1,"Gao, Boqi",高 博奇,BOQI GAO,Osaka University,大阪大学,
,Gellersen Hans,,GELLERSEN HANS,,,
,Ghuang Liu,,GHUANG LIU,,,
,Goh Chien-Le,,GOH CHIEN-LE,,,
,Goh CL,,GOH CL,,,
1,"Goto, Keisuke",後藤 啓介,KEISUKE GOTO,,,
1,"Goto, Yusuke",後藤 佑介,GOTOH YUSUKE,,,
,Guangjie Han,,GUANGJIE HAN,,,
1,"Hagihara, Ryo",萩原 亮,RYO HAGIHARA,,,
1,"Hagino, Hiroaki",萩野 浩明,HIROAKI HAGINO,,,
,Haixun Wang,,HAIXUN WANG,,,
,Haklae Kim,,HAKLAE KIM,,,
,"Hamaguchi, Yuto",濱口 雄人,濱口 雄人,,,
,"Hamaguchi, Yuto ",,YUTO HAMAGUCHI,,,
,"Hamai, Yuya",濱井 郁弥,濱井 郁弥,,,
1,Han Guangjie,,HAN GUANGJIE,,,
,Han Jiawei,,HAN JIAWEI,,,
,Han-Chieh Chao,,HAN-CHIEH CHAO,,,
,Hans Gellersen,,HANS GELLERSEN,,,
,Hans-Jurgen Zepernick,,HANS-JURGEN ZEPERNICK,,,
,Hans-Werner Gellersen,,HANS-WERNER GELLERSEN,,,
1,"Hara, Takahiro",原 隆浩,HARA TAKAHIRO,Osaka University,大阪大学,
1,"Haraguchi, Tokuko ",,TOKUKO HARAGUCHI,,,
1,"Harumoto, Kaname",春本 要,HARUMOTO KANAME,Osaka University,大阪大学,
,"Hasegawa, Akio",長谷川 晃朗,長谷川 晃朗,,,
1,"Hasegawa, Toshiharu ",長谷川 利治,TOSHIHARU HASEGAWA,,,
,"Hasegawa, Tsuyoshi",長谷川 剛,長谷川 剛,,,
1,"Hashimoto, Koichi",,KOICHI HASHIMOTO,,,
,"Hashimoto, Takayuki",橋本 隆之,橋本 隆之,,,
1,"Hata, Takahiro",,HATA TAKAHIRO,,,
,"Hatano, Giyoo",波多野 誼余夫,波多野 誼余夫,,,
1,"Hattori, Gen",服部 元,GEN HATTORI,,,
,"Hattori, Masahiko",服部 聖彦,服部 聖彦,,,
1,"Hayakawa, Keisuke",早川 敬介,KEISUKE HAYAKAWA,,,
1,"Hayashi, Hideki",林 秀樹,HIDEKI HAYASHI,,,
,"Hayashi, Hiroto",林 洋人,林 洋人,,,
1,"Hayashi, Taisei ",林 大晟,TAISEI HAYASHI,,,
1,"Hayashida, Shuhei ",林田 秀平,SHUHEI HAYASHIDA,Osaka University,大阪大学,
,"Hgashide, Daiki",東出 大輝,東出 大輝,Osaka University,大阪大学,
,"Hibino, Tetsuya",日比野 哲之,日比野 哲之,,,
1,"Higahide, Manabu",,MANABU HIGAHIDE,,,
1,"Higashino, Teruo ",,TERUO HIGASHINO,,,
,"Hijikata, Yoshinori ",,YOSHINORI HIJIKATA,,,
1,"Hiramatsu, Fumie",,FUMIE HIRAMATSU,,,
1,"Hiraoka, Keisuke",平岡 圭介,K HIRAOKA,,,
1,"Hiraoka, Yasushi ",,YASUSHI HIRAOKA,,,
,"Hirashima, Takahiro",平嶋 崇大,平嶋 崇大,,,
1,"Hirayama, Jun-ichiro",,JUN-ICHIRO HIRAYAMA,,,
1,"Hiromori, Akihito",,AKIHITO HIROMORI,,,
,"Hiryu, Shizuko",飛龍 志津子,飛龍 志津子,,,
1,"Hoashi, Keiichiro",帆足 啓一郎,KEIICHIRO HOASHI,,,
,"Honda, Hiroyuki",本田 博之,本田 博之,,,
,"Hori, Masakazu",堀 雅和,堀 雅和,,,
1,"Hosoda, Kazufumi",細田 一史,KAZUFUMI HOSODA,,,
1,"Hosomi, Shinichi",細見 心一,HOSOMI SHINICHI,,,
,Huihui Xu,,HUIHUI XU,,,
,"Hukaya, Naohiko",深谷 直彦,深谷 直彦,,,
,"Hukuda, Nobohito",福田 登仁,福田 登仁,,,
,"Hukui, Dai",福井 大,福井 大,,,
,"Hukumura, Masaya",福村 真哉,福村 真哉,,,
1,"Iima, Yuuki ",飯間 悠樹,YUUKI IIMA,,,
1,"Ikeda, Kazushi",池田 和史,KAZUSHI IKEDA,,,
1,"Ikejiri, Yosuke ",,YOSUKE IKEJIRI,,,
1,"Ikezawa, Masato",池澤 真人,MASATO IKEZAWA,,,
,"Imai, Akira",今井 明,今井 明,,,
,"Imai, Rinta",今井 倫太,今井 倫太,,,
1,"Imanaka, Takeshi ",今中 武,TAKESHI IMANAKA,,,
,"Inoue, Katsuro",井上 克郎,井上 克郎,,,
,"Inoue, Shigenori",井上 茂乗,井上 茂乗,,,
1,"Ishi, Yoshihisa ",,YOSHIHISA ISHI,,,
1,"Ishi, Yoshimasa",石 芳正,ISHI YOSHIMASA,,,
,"Ishida, Toru",石田 亨,石田 亨,,,
,"Ishiguro, Katsuhiko",石黒 勝彦,石黒 勝彦,,,
1,"Ishiyama, Shinya ",石山 慎也,SHINYA ISHIYAMA,,,
,"Ishizuka, Hiroki",石塚 宏紀,石塚 宏紀,,,
,"Isobe, Taturo",磯部 達郎,磯部 達郎,,,
1,"Itao, Tomoko ",板生 知子,TOMOKO ITAO,,,
1,"Ito, Masahiro",伊藤 雅弘,ITO MASAHIRO,,,
,"Ito, Subaru",伊藤 晟,伊藤 晟,,,
1,"Ito, Toshio ",伊藤 俊夫,TOSHIO ITO,,,
,"Iwamuro, Motonori",岩室 元典,岩室 元典,,,
1,"Iwasaki, Satoru",,SATORU IWASAKI,,,
1,"Iwata, Mayu",岩田 麻佑,IWATA MAYU,,,
,Jeong-Uk Kim,,JEONG-UK KIM,,,
,Ji-Rong Wen,,JI-RONG WEN,,,
,Jian Ma,,JIAN MA,,,
,Jian Yang,,JIAN YANG,,,
,Jian-Wei Niu,,JIAN-WEI NIU,,,
?,Jianwei Niu,,JIANWEI NIU,,,
,Jiawei Han,,JIAWEI HAN,,,
,Jin Wang,,JIN WANG,,,
,Jinfang Jiang,,JINFANG JIANG,,,
,Jing Cai,,JING CAI,,,
,Jing Zhao,,JING ZHAO,,,
,Joao Caldeira,,JOAO CALDEIRA,,,
,Joel J. P. C. Rodrigues,,JOEL J. P. C. RODRIGUES,,,
,Joel J.P.C. Rodrigues,,JOEL J.P.C. RODRIGUES,,,
,Joel Rodrigues,,JOEL RODRIGUES,,,
,John Breslin,,JOHN BRESLIN,,,
1,"Joseph, Korpela",,JOSEPH KORPELA,Osaka University,大阪大学,
,Juan Lorenzo Hagad,,JUAN LORENZO HAGAD,,,
,Julien Eberle,,JULIEN EBERLE,,,
1,"Kadobayash, Rieko",門林 理恵子,RIEKO KADOBAYASH,,,
,Kai Lin,,KAI LIN,,,
,"Kai, Meika",裴 明花,裴 明花,,,
1,"Kaji, Mitsuru",加治 充,MITSURU KAJI,,,
1,"Kamahara, Junzo",鎌原 淳三,JUNZO KAMAHARA,,,
,Kamalas Udomlamlert,,KAMALAS UDOMLAMLERT,,,
1,"Kamei, Koji",亀井 剛次,KOJI KAMEI,,,
,"Kameno, Hiroya",亀野 弘昭,亀野 弘昭,,,
,"Kamiya, Kenji",神山 健治,神山 健治,,,
,"Kamiya, Toshimitsu",神谷 俊充,神谷 俊充,Osaka University,大阪大学,
1,"Kanazawa, Masanori",金澤 正憲,KANAZAWA MASANORI,,,
1,"Kaneda, Teruya",金田 輝哉,KANEDA TERUYA,,,
1,"Kaneko, Yu ",金子 雄,YU KANEKO,,,
1,"Kanzaki, Akimitsu",神崎 映光,AKIMITSU KANZAKI,,,
,Karl Aberer,,KARL ABERER,,,
1,"Kashita, Masakazu",,MASAKAZU KASHITA,,,
1,"Kashitani, Atsushi",,ATSUSHI KASHITANI,,,
,"Kashiwatani, Atsushi",柏谷 篤,柏谷 篤,,,
,"Kasita, Masakazu",加下 雅一,加下 雅一,,,
,"Katayama, Kei",片山 肇,片山 肇,,,
1,"Katayama, Takuya ",片山 拓也,TAKUYA KATAYAMA,,,
1,"Kato, Ryo",加藤 諒,RYO KATO,Osaka University,大阪大学,
1,"Kato, Seiichi",,SEIICHI KATO,,,
,"Kato, Seiichi",加藤 精一,加藤 精一,,,
1,"Kato, Shinya ",加藤 慎也,SHINYA KATO,Osaka University,大阪大学,
,"Kawaguchi, Kakeru",川口 翔,川口 翔,,,
,"Kawakami, Keishi",川上 慶士,川上 慶士,Osaka University,大阪大学,
1,"Kawakami, Tomoya ",川上 朋也,TOMOYA KAWAKAMI,,,
1,"Kawanabe, Motoaki",,MOTOAKI KAWANABE,,,
,"Kawanami, Hidemi",川並 秀観,川並 秀観,,,
,"Kawanishi, Nao",川西 直,川西 直,,,
1,"Kawano, Hiroyuki",河野 浩之,HIROYUKI KAWANO,,,
1,"Kawasumi, Ryo",川住 涼,RYO KAWASUMI,,,
1,Kazuya Murao,松尾 和哉,KAZUYA MURAO,,,
1,"Kido, Yuki ",木戸 裕樹,YUKI KIDO,,,
,"Kimura, Akira",木村 章,木村 章,,,
,"Kimura, Asako",木村 朝子,木村朝子,,,
1,"Kimura, Kotaro",,KOTARO KIMURA,,,
,Kin F. Li,,KIN F. LI,,,
1,"Kinoshita, Kohei",木下 浩平,KOHEI KINOSHITA,,,
,"Kirekawa, Yu",喜連川 優,喜連川 優[コーディネーター],,,
,"Kishino, Humiro",岸野 文郎,岸野 文郎,,,
1,"Kishino, Ryohei",,RYOHEI KISHINO,,,
1,"Kishino, Yasue",岸野 泰恵,KISHINO YASUE,,,
,"Kitahama, Hideki",北濱 秀基,北濱 秀基,,,
1,"Kitajima, Shinya",北島 信哉,KITAJIMA SHINYA,,,
,"Kitamura, Yoshihumi",北村 喜文,北村 喜文,,,
,"Kiyo, kazyutaka",清 一隆,清 一隆,,,
1,"Kiyokawa, Kiyoshi",清川 清,KIYOSHI KIYOKAWA,,,
,"Ko, XXX",黄 元柱,黄 元柱,,,
,"Ko, XXX2",黄 耀華,黄 耀華,,,
,"Ko, Zen",孔 全,孔 全,,,
,"Kobana, Sadao",小花 貞夫,小花 貞夫,,,
1,"Kobayashi, Keita",小林 啓太,KEITA KOBAYASHI,,,
1,"Kobayashi, Shouhei",,SHOUHEI KOBAYASHI,,,
,"Kobayashi, Yui",小林 由依,小林 由依,,,
1,"Kobayashi, Yukie ",,YUKIE KOBAYASHI,,,
1,Kodai Mako,真子 広大,KODAI MAKO,,,
1,"Kodama, Kenji",児玉 賢治,KENJI KODAMA,,,
1,"Kodera, Takuya ",小寺 拓也,TAKUYA KODERA,,,
1,"Kohigashi, Kohichi",,KOHICHI KOHIGASHI,,,
,"Koizumi, Jyunji",小泉 潤二,小泉 潤二,,,
,"Kojima, Akira",小島 明,小島 明,,,
1,"Kojima, Sohei ",,SOHEI KOJIMA,,,
1,"Komai, Yuka ",駒井 友香,YUKA KOMAI,Osaka University,大阪大学,
1,"Komaki, Daijiro",小牧 大治郎,DAIJIRO KOMAKI,,,
,"Kondo, Satoru",近藤 悟,近藤 悟,,,
1,"Kondo, Shinya ",近藤 真也,SHINYA KONDO,,,
,Kong Quan,,KONG QUAN,,,
,"Konishi, Osamu",小西 修,小西 修,,,
,"Konishi, Takashige",小西 孝重,小西 孝重,,,
,"Konishi, Yuji",小西 佑治,小西 佑治,,,
1,"Kosaka, Yoshihiro ",小坂 佳弘,YOSHIHIRO KOSAKA,,,
1,"Koujin, Takako ",,TAKAKO KOUJIN,,,
1,"Koyamada, Koji",,KOYAMADA KOJI,,,
,Kriengsak Treeprapin,,KRIENGSAK TREEPRAPIN,,,
,Kristof Van Laerhoven,,KRISTOF VAN LAERHOVEN,,,
,"Kubo, Kenta",久保 建太,久保 建太,,,
,"Kubo, Shinya",久保 信也,久保 信也,,,
,"Kuga, Ryohei",久賀 稜平,久賀 稜平,,,
,"Kujirai, Toshihiro",鯨井 俊宏,鯨井 俊宏,,,
,"Kumamaru, Keita",熊丸 恵太,熊丸 恵太,,,
,Kun Wang,,KUN WANG,,,
,Kun Zhang,,KUN ZHANG,,,
,"Kurasawa, Nao",倉沢 央,倉沢 央,,,
,"Kure, XXX",呉 乾禮,呉 乾禮,,,
,"Kuroda, Taku",黒田 卓,黒田 卓,,,
,"Kusunoki, Husako",楠 房子,楠 房子,,,
,Laerhoven K. V.,,LAERHOVEN K. V.,,,
,Laurance T. Yang,,LAURANCE T. YANG,,,
,Leela-amornsin Lertluck,,LEELA-AMORNSIN LERTLUCK,,,
,Lei Shu,,LEI SHU,,,
,Lei Wang,,LEI WANG,,,
,Lei Xue,,LEI XUE,,,
,Lekshmi M. Chidambaram,,LEKSHMI M. CHIDAMBARAM,,,
,Li Keqiu,,LI KEQIU,,,
,Likun Hu,,LIKUN HU,,,
,Lin He,,LIN HE,,,
,Lin Kai,,LIN KAI,,,
,Lin Xiang,,LIN XIANG,,,
,Liyun Zuo,,LIYUN ZUO,,,
,Loh,,LOH,,,
,Loh Yin Huei,,LOH YIN HUEI,,,
?,Loh Yin-Huei,,LOH YIN-HUEI,,,
,Long Cheng,,LONG CHENG,,,
,Longhui Ma,,LONGHUI MA,,,
,Lu Hongjun,,LU HONGJUN,,,
,Ma Jianhua,,MA JIANHUA,,,
,Madria Sanjay,,MADRIA SANJAY,,,
,Madria Sanjay Kumar,,MADRIA SANJAY KUMAR,,,
1,"Maeda, Kazuhiko",前田 和彦,KAZUHIKO MAEDA,,,
,"Maeda, Nobukazu",前田 信一,前田 信一,,,
1,"Maekawa, Takuya",前川 卓也,MAEKAWA TAKUYA,Osaka University,大阪大学,
,Maike Erdmann,,MAIKE ERDMANN,,,
,"Majima, Yuka",真嶋 温佳,真嶋 温佳,Osaka University,大阪大学,
,Manfred Hauswirth,,MANFRED HAUSWIRTH,,,
,Mark Linderman,,MARK LINDERMAN,,,
1,"Mashita, Tomohiro ",間下 以大,TOMOHIRO MASHITA,,,
1,"Masuda, Akira",,AKIRA MASUDA,,,
,"Masunaga, Yoshihumi",増永良文,増永良文,,,
,"Masuzawa, Toshimitsu",増澤 利光,増澤 利光,,,
1,"Matsui, Kazumi",松井 香純,KAZUMI MATSUI,,,
1,"Matsumoto, Sakiko",,SAKIKO MATSUMOTO,,,
1,"Matsumoto, Satoru",,SATORU MATSUMOTO,,,
,"Matsumoto, Syoko",松本 祥子,松本 祥子,,,
,"Matsumoto, Tetsu",松本 哲,松本 哲,,,
1,"Matsunami, Hidekazu",松波 秀和,HIDEKAZU MATSUNAMI,,,
,"Matsuno, Yuya",松野 有弥,松野 有弥,,,
,"Matsuo, Kenji",松尾 健司,松尾 健司,,,
1,"Matsuoka, Noriyuki ",松岡 紀行,NORIYUKI MATSUOKA,,,
1,"Matsushita, Yasuyuki",松下 康之,YASUYUKI MATSUSHITA,Osaka University,大阪大学,
,"Matsuura, Kazushi",松浦 知史,松浦 知史,,,
1,"Matsuura, Satoshi",松浦 聰,SATOSHI MATSUURA,,,
1,"Matsuura, Toshio ",松浦 敏雄,TOSHIO MATSUURA,,,
,"Michishita, Tomoyuki",道下 智之,道下 智之,,,
,"Mikami, Koji",三上 浩司,三上 浩司,,,
,Min Chen,,MIN CHEN,,,
1,"Minami, Yasuhiko ",南 靖彦,YASUHIKO MINAMI,,,
,Ming Zhu,,MING ZHU,,,
,Mingchu Li,,MINGCHU LI,,,
,Minghua Pei,,MINGHUA PEI,,,
,Mingyang Sun,,MINGYANG SUN,,,
,Mithun Mukherjee,,MITHUN MUKHERJEE,,,
1,"Miura, Naoki",三浦 直樹,NAOKI MIURA,,,
1,"Miura, Yasushi",三浦 康史,KOUJI MIURA,,,
1,"Miyahara, Hideo",宮原 秀夫,HIDEO MIYAHARA,,,
,"Miyahara, Shinji",宮原 伸二,宮原 伸二,,,
1,"Miyahara, Toshio",,MIYAHARA TOSHIO,,,
1,"Miyaji, Ryosuke",,MIYAJI RYOSUKE,,,
1,"Miyamae, Masakazu",宮前 雅一,MASAKAZU MIYAMAE,,,
1,"Miyamoto, Hiroki",宮本 大樹,HIROKI MIYAMOTO,,,
,"Miyamoto, Kazuhiko",宮本 和彦,宮本 和彦,,,
1,"Miyanishi, Taiki ",宮西 大樹,TAIKI MIYANISHI,,,
1,"Miyashita, Koichi",宮下 浩一,KOICHI MIYASHITA,,,
,"Miyauchi, Tenshi",宮内 天士,宮内 天士,Osaka University,大阪大学,
1,"Miyazaki, Tomomi ",宮崎 知美,TOMOMI MIYAZAKI,,,
1,"Mizuno, Seiya",水野 聖也,SEIYA MIZUNO,,,
,"Mizuno, Shinshi",水野 慎士,水野 慎士,,,
,"Mizuta, Tomohiro",水田 智史,水田 智史,,,
,"Mizutani, Yuichi",水谷 友一,水谷 友一,,,
,Mohsen Guizani,,MOHSEN GUIZANI,,,
,"Morisawa, Kazuaki",森澤 和明,森澤 和明,,,
,"Morita, Kazunobu",森田 和延,森田 和延,,,
,"Morita, Keiko",森田 敬子,森田 敬子,,,
,"Moriya, Takaaki",森谷 高明,森谷 高明,,,
,Moustafa Youssef,,MOUSTAFA YOUSSEF,,,
,Muhammad Mostafa Monowar,,MUHAMMAD MOSTAFA MONOWAR,,,
,"Murakami, Norishige",村上 礼繁,村上礼繁,,,
,"Murakami, Norishige",,NORISHIGE MURAKAMI,,,
,"Murakami, Takazo",村上 孝三,村上 孝三,,,
1,"Murao, Kazuya",村尾 和哉,MURAO KAZUYA,,,
1,"Murase, Toru",村瀬 亨,MURASE TORU,,,
,"Murata, Akihiro",村田 顕宏,村田 顕宏,,,
,"Murata, Masahiro",村田 正幸,村田 正幸,,,
,Murilo M. Marinho,,MURILO M. MARINHO,,,
,"Muta, Michihiro",牟田 道弘,牟田 道弘,,,
,Myong-Soon Park,,MYONG-SOON PARK,,,
1,"Nagaishi, Hironori",永石 博憲,HIRONORI NAGAISHI,,,
,"Nagaoka, Toru",長岡 亨,長岡 亨,,,
,"Nakaaki, Akira",仲秋 朗,仲秋 朗,,,
1,"Nakadori, Minoru",中通 実,MINORU NAKADORI,,,
,"Nakagawa, Kazuya",中川 和也,中川 和也,,,
1,"Nakagawa, Takashi ",中川隆志,TAKASHI NAKAGAW,,,
1,"Nakai, Daisuke",中井 大輔,DAISUKE NAKAI,,,
1,"Nakai, Junichi",中井 淳一,JUNICHI NAKAI,,,
,"Nakajima, Yuki",中島 悠貴,中島 悠貴,,,
1,"Nakamiya, Masaki",中宮 正樹,MASAKI NAKAMIYA,,,
,"Nakamura, Makoto",中村 眞,中村 眞,,,
1,"Nakamura, Satoshi",中村 聡史,SATOSHI NAKAMURA,,,
1,"Nakamura, Tatsuya ",中村 達哉,TATSUYA NAKAMURA,Osaka University,大阪大学,
,"Nakamura, Yasushi",中村 泰,中村 泰,,,
1,"Nakamura, Yutaka ",,YUTAKA NAKAMURA,,,
,"Nakano, Akihiro",中野 昭宏,中野 昭宏,,,
1,"Nakano, Hirokazu",中野 賢,HIROKAZU NAKANO,,,
,"Nakano, Hirotaka",中野 博隆,中野 博隆,,,
,"Nakano, Koichi",中野 宏一,中野宏一,,,
,"Nakano, Yusuke",中野 雄介,中野 雄介,,,
1,"Nakao, Taro",中尾 太郎,TARO NAKAO,,,
,"Nakao, Taro",中尾太郎,中尾太郎,,,
1,"Nakashima, Keisuke",中嶋 奎介,KEISUKE NAKASHIMA,,,
1,"Nakata, Mami",中田 眞深,MAMI NAKATA,,,
1,"Nakatani, Tomoya ",中谷 友哉,TOMOYA NAKATANI,Osaka University,大阪大学,
1,"Nakauchi, Kiyohide",中内 清秀,KIYOHIDE NAKAUCHI,,,
1,"Nakayama, Kotaro",中山 浩太郎,KOTARO NAKAYAMA,,,
1,"Nakayama, Yuki ",中山 侑紀,YUKI NAKAYAMA,,,
1,"Namba, Jumpei",,JUMPEI NAMBA,,,
1,"Namioka, Yasuo ",浪岡 保男,YASUO NAMIOKA,,,
,"Narita, Hujitomo",成田 藤智,成田 藤智,,,
,Nattapong Thammasan,,NATTAPONG THAMMASAN,,,
,Naveen Chilamkurti,,NAVEEN CHILAMKURTI,,,
1,"Naya, Futoshi",納谷 太,FUTOSHI NAYA,,,
,Nguyen Duong Hong,,NGUYEN DUONG HONG,,,
,Nguyen-Son Vo,,NGUYEN-SON VO,,,
,Ni Jianjun,,NI JIANJUN,,,
,Nicolas Villar,,NICOLAS VILLAR,,,
,"Nii, Yoshitaka",新 吉高,新 吉高,,,
,Ning Ding,,NING DING,,,
,"Nishida, Toyoaki",西田 豊明,西田 豊明,,,
1,"Nishinaga, Nozomu",西永 望,NOZOMU NISHINAGA,,,
1,"Nishio, Shojiro",西尾 章冶郎,NISHIO SHOJIRO,Osaka University,大阪大学,
1,"Nishio, Shunji ",,SHUNJI NISHIO,Osaka University,大阪大学,
1,"Nishio, Shunya ",西尾 俊哉,SHUNYA NISHIO,Osaka University,大阪大学,
1,"Nishio, Tsutomu ",,TSUTOMU NISHIO,,,
,"Nishizawa, Bungo",西沢 文吾,西沢 文吾,,,
1,"Nishizawa, Masatoshi",西澤 正稔,MASATOSHI NISHIZAWA,,,
,"Noma, Haruo",野間 春生,野間 春生,,,
,"Nomoto, Yoshihiro",野本 義弘,野本 義弘,,,
,Norman Makoto Su,,NORMAN MAKOTO SU,,,
?,Norman Su,,NORMAN SU,,,
1,"Nose, Yasuhiro ",能勢 康宏,YASUHIRO NOSE,,,
1,"Nozaki, Kazunori",,KAZUNORI NOZAKI,,,
1,"Numata, Satoshi",沼田 哲史,SATOSHI NUMATA,,,
1,"Obuchi, Takuya ",,TAKUYA OBUCHI,,,
,"Oda, Masayoshi",小田 真義,小田 真義,,,
1,"Oe, Mizuko",大江 瑞子,MIZUKO OE,,,
,"Ogawa, Kiyuki",小川 樹幸,小川樹幸,,,
1,"Ogawa, Takefumi ",小川 剛史,TAKEFUMI OGAWA,,,
,"Ogure, Kiyoshi",小暮 潔,小暮 潔,,,
1,"Ohara, Kazuya",尾原 和也,KAZUYA OHARA,Osaka University,大阪大学,
1,"Ohnishi, Kenji",大西 健史,KENJI OHNISHI,,,
1,"Okadome, Takeshi ",岡留 剛,TAKESHI OKADOME,,,
1,"Okaie, Yutaka ",,YUTAKA OKAIE,,,
1,"Okamura, Shingo",,SHINGO OKAMURA,,,
,"Okamura, Singo",岡村 真吾,岡村 真吾,,,
,"Okawa, Takenao",大川 剛直,大川 剛直,,,
,"Okino, Syoji",沖野 将司,沖野 将司,,,
1,"Oku, Azusa",奥 梓,AZUSA OKU,,,
,"Okuda, Tsuyoshi",奥田 剛,奥 田 剛,,,
1,"Okui, Jun",奥井 順,JUN OKUI,,,
,"Omoto, Eitetsu",大本 英徹,大本 英徹,,,
,"Onishi, Hiroyuki",大西 浩行,大西 浩行,,,
1,"Onizuka, Makoto",鬼塚 真,MAKOTO ONIZUKA,Osaka University,大阪大学,
,"Ono, Sora",大野 宇宙,大野 宇宙,,,
,"Ono, Tomohiro",小野 智弘,小野 智弘,,,
,Orlando Pereira,,ORLANDO PEREIRA,,,
1,"Osawa, Jun",大澤 純,JUN OSAWA,Osaka University,大阪大学,
,"Osuka, Hushio",大須賀 節雄,大須賀 節雄,,,
,"Otuki, Setsuko",大槻 説乎,大槻 説乎,,,
,Park Jong Hyuk,,PARK JONG HYUK,,,
,Pei Jian,,PEI JIAN,,,
,Pei Minghua,,PEI MINGHUA,,,
,Peter M. D. Gray,,PETER M. D. GRAY,,,
,Pham Nga Viet,,PHAM NGA VIET,,,
,Quan Kong,,QUAN KONG,,,
,Rathore Kumar Abhinay,,RATHORE KUMAR ABHINAY,,,
,Rong Xie,,RONG XIE,,,
,"Ryu, XXX",劉 渤江,劉 渤江,,,
,S.K.Madria,,S.K.MADRIA,,,
,"Saai, Hiroyuki",佐合 弘行,佐合 弘行,,,
1,"Sagara, Ryohei",相良 亮平,RYOHEI SAGARA,,,
,"Sai, XXX",蔡 菁,蔡 菁,,,
,"Saito, Jun",齋藤 淳,齋藤 淳,,,
,"Sakai, Jin",酒井 仁,酒井 仁,,,
1,"Sakai, Tetsuya ",,TETSUYA SAKAI,,,
1,"Sakane, Eisaku",坂根 栄作,EISAKU SAKANE,,,
1,"Sakane, Yutaka ",坂根 裕,YUTAKA SAKANE,,,
?,"Sakashita, Suguru ",坂下 卓,SUGURU SAKASHITA,,,
1,"Sakumichi, Yuki ",,YUKI SAKUMICHI,,,
1,"Sakurai, Yasushi ",櫻井 保志,YASUSHI SAKURAI,,,
1,"Samejima, Masaki",鮫島 正樹,MASAKI SAMEJIMA,Osaka University,大阪大学,
,Sami Bhiri,,SAMI BHIRI,,,
,Samir Tata,,SAMIR TATA,,,
?,Sanjay K. Madria,,SANJAY K. MADRIA,,,
,Sanjay Kumar Madria,,SANJAY KUMAR MADRIA,,,
?,Sanjay Madria,,SANJAY MADRIA,,,
1,"Sano, Shoji ",佐野 渉二,SHOJI SANO,,,
1,"Santo, Hiroaki",山藤 浩明,HIROAKI SANTO,,,
,"Sasaki, Yu",佐崎 悠,佐崎 悠,,,
,"Sasaki, Yuwa",佐々木 勇和,佐々木 勇和,Osaka University,大阪大学,
1,"Sasaki, Yuya ",,YUYA SASAKI,,,
,"Sato, Koji",佐藤 浩史,佐藤 浩史,,,
,"Sato, Tetsushi",佐藤 哲司,佐藤 哲司,,,
1,"Sawai, Rie",澤井 里枝,RIE SAWAI,,,
,"Sawai, Rie",澤井里枝,澤井里枝,,,
1,"Sawai, Yohei",澤井 陽平,YOHEI SAWAI,,,
,"Sawai, Yohei",澤井陽平,澤井陽平,,,
,"Sawamura, Takuya",澤村 卓哉,澤村 卓哉,,,
1,"Sawamura, Yusuke ",澤村 雄介,YUSUKE SAWAMURA,,,
1,"Sazaki, Haruka",,HARUKA SAZAKI,,,
,"Seijyo, Shigehiro",正城 敏博,正城 敏博,,,
1,"Seino, Wataru ",清野 航,WATARU SEINO,,,
1,"Shibata, Hajime",柴田 一,HAJIME SHIBATA,,,
,"Shimada, Keiichi",嶋田 惠一,嶋田 惠一,,,
1,"Shimatani, Kentaro",嶋谷 健太郎,KENTARO SHIMATANI,,,
1,"Shimojo, Shinji",下條 真司,SHIMOJO SHINJI,,,
1,"Shimosuka, Asao",下須賀 滋穂,ASAO SHIMOSUKA,,,
,"Shimura, Masamichi",志村 正道,志村 正道,,,
1,"Shinichi, Yataka",,SHINICHI YATAKA,,,
1,"Shinjo, Tatsuya",新城 達也,TATSUYA SHINJO,,,
1,"Shinoda, Hiroyuki",,SHINODA HIROYUKI,,,
1,"Shinohara, Masako",篠原 昌子,MASAKO SHINOHARA,,,
1,"Shinomiya, Jun",四之宮 潤,JUN SHINOMIYA,,,
1,"Shintani, Goh",新谷 剛,GOH SHINTANI,,,
,"Shirai, Hiroaki",白井 博章,白井 博章,,,
,"Shirai, Tsuyoshi",白井 剛,白井 剛,,,
1,"Shirai, Yoshinari ",白井 良成,YOSHINARI SHIRAI,,,
1,"Shirakawa, Masumi",白川 真澄,MASUMI SHIRAKAWA,,,
1,"Shiraki, Toru ",白木 徹,TORU SHIRAKI,,,
1,"Shoji, Naoki",小路 直紀,NAOKI SHOJI,,,
,Shoubin Dong,,SHOUBIN DONG,,,
,Shu Lei,,SHU LEI,,,
,"Simizu, Iku",清水 育,清水 育,,,
?,Sommuk Sanguantrakul,,SOMMUK SANGUANTRAKUL,,,
?,Somnuk Sanguantrakul,,SOMNUK SANGUANTRAKUL,,,
,"Sonoe, Kenichi",園生 賢一,園生 賢一,,,
,Sonuq Saguanto,ソムヌック サグアントラクーン,ソムヌック サグアントラクーン,,,
,Stephan Sigg,,STEPHAN SIGG,,,
,Su Norman Makoto,,SU NORMAN MAKOTO,,,
1,"Sugano, Akihiro",菅野 昭博,SUGANO AKIHIRO,,,
,"Sugawara, Takanori",菅原 貴徳,菅原 貴徳,,,
,"Sugaya, Humiaki",菅谷 史昭,菅谷 史昭,,,
,"Sugimoto, Kodai",杉本 広大,杉本広大,,,
1,"Sugitani, Takuya ",杉谷 卓哉,TAKUYA SUGITANI,,,
,"Sugiyuama, Maroto",杉山 麿人,杉山 麿人,,,
,"Sukenari, Mitsuki",祐成 光樹,祐成光樹,,,
1,"Sumita, Eiichiro",,EIICHIRO SUMITA,,,
,"Sunahara, Hideki",砂原 秀樹,砂原 秀樹,,,
,Sungyoung Lee,,SUNGYOUNG LEE,,,
,Suran Li,,SURAN LI,,,
,"Suyama, Katayuki",須山 敬之,須山 敬之,,,
,"Suyama, Takayuki ",,TAKAYUKI SUYAMA,,,
1,"Suzuki, Akiyoshi",鈴木 晃祥,AKIYOSHI SUZUKI,,,
,"Suzuki, Hirokazu",鈴木 宏和,鈴木 宏和,,,
1,"Suzuki, Kentaro",鈴木 健太郎,SUZUKI KENTARO,,,
,"Syoji, Kanako",庄司 加奈子,庄司 加奈子,,,
,"Syoji, Takeshi",庄司 武,庄司 武,,,
1,"Tachikawa, Masaya ",立川 雅也,MASAYA TACHIKAWA,,,
,Taekyoung Kwon,,TAEKYOUNG KWON,,,
1,"Taguchi, Daigo",田口 大悟,DAIGO TAGUCHI,,,
1,"Taguchi, Naoya",田口 直弥,NAOYA TAGUCHI,,,
,"Tajima, Keshi",田島 敬史,田島 敬史,,,
,"Takada, Yuichi",高田 一雄,高田 一雄,,,
1,"Takahashi, Kentaro",高橋 健太郎,KENTARO TAKAHASHI,,,
1,"Takahashi, Makito",高橋 真喜人,MAKITO TAKAHASHI,,,
,"Takahashi, Satoshi",高橋 悟史,高橋 悟史,,,
,"Takahashi, Satosi",高橋 悟史,高橋悟史,,,
,"Takahashi, XXX",高橋 範亘,高橋 範亘,,,
1,"Takahashi, Yutaka",,TAKAHASHI YUTAKA,,,
,"Takeda, Mutsuharu",武本 充治,武本 充治,,,
,"Takeda, Syunsuke",武田 淳佑,武田 淳佑,,,
1,"Takegawa, Yoshinari",竹川 佳成,TAKEGAWA YOSHINARI,,,
?,"Takegawa, Yoshinori ",,YOSHINORI TAKEGAWA,,,
1,"Takemura, Haruo",竹村 治雄,HARUO TAKEMURA,,,
1,"Takeuchi, Susumu",,TAKEUCHI SUSUMU,,,
,"Takeuchi, Toru",竹内 亨,竹内 亨,,,
1,"Takine, Tetsuya",滝根 哲哉,TAKINE TETSUYA,,,
,"Takishima, Yasuhiro",滝嶋 康弘,滝嶋 康弘,,,
1,"Tamagawa, Hiroo",,HIROO TAMAGAWA,,,
,"Tamaki, Toru",玉木 徹,玉木 徹,,,
1,"Tanaka, Hirokazu",田中 博和,TANAKA HIROKAZU,,,
1,"Tanaka, Katsumi",田中 克己,KATSUMI TANAKA,,,
1,"Tanaka, Kohei",田中 宏平,KOHEI TANAKA,,,
,"Tanaka, Koji",田中 孝浩,田中 孝浩,,,
1,"Tanaka, Rieko",田中 理恵子,RIEKO TANAKA,,,
1,"Tanaka, Satoshi",田中 聡,SATOSHI TANAKA,,,
1,"Tanaka, Toshiyuki ",田中 敏之,TOSHIYUKI TANAKA,,,
,Tang Shiwei,,TANG SHIWEI,,,
1,"Taniguchi, Hideo",谷口 秀夫,HIDEO TANIGUCHI,,,
1,"Taniguchi, Shinichi",谷口 伸一,SHINICHI TANIGUCHI,,,
1,"Taniguchi, Tetsuya",谷口 哲也,TANIGUCHI TETSUYA,,,
1,"Taniguchi, Yoshiaki ",谷口 義明,YOSHIAKI TANIGUCHI,,,
1,"Tanimoto, Yuki ",,YUKI TANIMOTO,,,
1,"Taniuchi, Daisuke",谷内 大祐,DAISUKE TANIUCHI,,,
1,"Taniyama, Yuki ",谷山 雄基,YUKI TANIYAMA,,,
,Taye Mulugeta,,TAYE MULUGETA,,,
1,"Terada, Tsutomu",寺田 努,TERADA TSUTOMU,Osaka University,大阪大学,
,"Terada, Yasue ",,YASUE TERADA,,,
,"Teranaka, Katsumi",寺中 勝美,寺中 勝美,,,
?,"Teranishi, Yuuichi",,TERANISHI YUUICHI,,,
1,"Teranisi, Yuichi",寺西 裕一,TERANISI YUICHI,,,
,Thammasan Nattapong,,THAMMASAN NATTAPONG,,,
,Thilina Dissanayake,,THILINA DISSANAYAKE,,,
,"Tin, XXX",田 一鳴,田 一鳴,Osaka University,大阪大学,
,"Tkagi, Etsuko",高木 越子,高木 越子,,,
,"Tokoro, Yohei",所 洋平,所 洋平,,,
,"Tokuda, Hideyuki",徳田 英幸,徳田 英幸,,,
,"Tominaga, Tomu",冨永 登夢,冨永 登夢,Osaka University,大阪大学,
1,"Tominaga, Tomu ",,TOMU TOMINAGA,,,
1,"Tomiyasu, Hirokazu",富安 宏和,HIROKAZU TOMIYASU,,,
,"Toriyama, Tomoji",鳥山 朋二,鳥山 朋二,,,
,Treeprapin K.,,TREEPRAPIN K.,,,
,Trung Q. Duong,,TRUNG Q. DUONG,,,
,"Tsuda,  Hiroharu",津田 宏治,津田 宏治,,,
1,"Tsuda, Takuji",津田 琢士,TAKUJI TSUDA,,,
,"Tsuda, Yuki",津田 祐輝,津田 祐輝,,,
1,"Tsukamoto, Masahiko",塚本 昌彦,MASAHIKO TSUKAMOTO,Osaka University,大阪大学,
?,"Tsukamotom, Masahuko",,MASAHUKO TSUKAMOTOM,Osaka University,大阪大学,
,Tsuneo Jozen,,TSUNEO JOZEN,,,
,"Tsuri, Hiromi",釣 博美,釣 博美,,,
,"Uchida, Naoko",内田 直子,内田 直子,,,
1,"Uchida, Wataru",内田 渉,UCHIDA WATARU,,,
1,"Uchiyama, Akira ",,AKIRA UCHIYAMA,,,
1,"Ueda, Hirotaka",上田 宏高,HIROTAKA UEDA,,,
,"Uehara, Kazuyoshi",三井 一能,三井 一能,,,
,"Uehara, Kuniaki",上原 邦昭,上原 邦昭,,,
1,"Uemukai, Toshiaki",上向 俊明,UEMUKAI TOSHIAKI,,,
,"Ueyoshi, Tsuneo",上善 恒雄,上善 恒雄,,,
,Umeshwar Dayal,,UMESHWAR DAYAL,,,
1,"Umezawa, Masahiro",梅澤 真弘,MASAHIRO UMEZAWA,,,
,"Umezu, Yuta",梅津 佑太,梅津 佑太,,,
,"Umikai, Akimichi",海貝 明道,海貝 明道,,,
,"Uno, Hiroshi",宇野 裕史,宇野 裕史,,,
1,"Urai, Kenji",浦井 健次,KENJI URAI,,,
,Villar Nicolas,,VILLAR NICOLAS,,,
,Vladimir I. Zadorozhny,,VLADIMIR I. ZADOROZHNY,,,
,W. Rahayu,,W. RAHAYU,,,
,"Wakabayashi, Susumu",若林 進,若林 進,,,
1,"Wakamiya, Naoki",若宮 直紀,NAOKI WAKAMIYA,,,
,"Waki, Hideyo",脇 英世,脇 英世,,,
,Walid Gaaloul,,WALID GAALOUL,,,
,Wan Tang,,WAN TANG,,,
,Wang Lei,,WANG LEI,,,
,WANG Wooi Ghee,,WANG WOOI GHEE,,,
,Wang-Chien Lee,,WANG-CHIEN LEE,,,
1,"Watanabe, Miki",渡辺 美紀,MIKI WATANABE,Osaka University,大阪大学,
1,"Watanabe, Shinji ",渡部 晋治,SHINJI WATANABE,,,
1,"Watanabe, Toshiki",渡辺 俊貴,WATANABE TOSHIKI,,,
1,"Watanabe, Toshiki ",,TOSHIKI WATANABE,,,
,"Watanuki, Yutaka",綿貫 豊,綿貫 豊,,,
,Wei Cai,,WEI CAI,,,
,Wei Wang,,WEI WANG,,,
,Wei Yu,,WEI YU,,,
,Weifeng Sun,,WEIFENG SUN,,,
,Weipeng Jing,,WEIPENG JING,,,
,Weiwei Fang,,WEIWEI FANG,,,
,Wen Shen,,WEN SHEN,,,
,Wendong Wang,,WENDONG WANG,,,
,Wenlong Yue,,WENLONG YUE,,,
,Wenqing Cheng,,WENQING CHENG,,,
,Wooi-Ghee Wang,,WOOI-GHEE WANG,,,
,Xiao-Hu Ge,,XIAO-HU GE,,,
,Xiaofei Cao,,XIAOFEI CAO,,,
,Xiaohu Ge,,XIAOHU GE,,,
,Xiaokang Liu,,XIAOKANG LIU,,,
,Xiaopeng Liu,,XIAOPENG LIU,,,
,Xie X.,,XIE X.,,,
,Xie Xing,,XIE XING,,,
,Xing Xie,,XING XIE,,,
,Xu Du,,XU DU,,,
,Y.H.,,Y.H.,,,
,Y.P.P. Chen,,Y.P.P. CHEN,,,
,"Yadaka, Kazuma",矢高 真一,矢高 真一,,,
1,Yahata Takashi,八幡 孝,YAHATA TAKASHI,,,
1,"Yajima, Etsuko",矢島 悦子,ETSUKO YAJIMA,,,
,Yali Wang,,YALI WANG,,,
1,"Yamaguchi, Hirozumi",,HIROZUMI YAMAGUCHI,,,
1,"Yamaguchi, Yoshihisa ",山口 喜久,YOSHIHISA YAMAGUCHI,,,
,"Yamamoto, Atsushi",山本 淳,山本 淳,,,
1,"Yamamoto, Ayana",山本 彩奈,AYANA YAMAMOTO,,,
,"Yamamoto, Kiishiro",山本 嘉一郎,山本 嘉一郎,,,
,"Yamamoto, Mitsuhi",山本 光穂,山本 光穂,,,
1,"Yamamoto, Takehiro ",,TAKEHIRO YAMAMOTO,,,
,"Yamamoto, Tetsuya",山本 哲也,山本 哲也,,,
,"Yamamoto, Tetsuya",山本 哲也,山本哲也,,,
,"Yamanishi, Jyunichi",山西 潤一,山西 潤一,,,
1,"Yamashita, Hiroshi",山下 浩嗣,HIROSHI YAMASHITA,,,
1,"Yamashita, Naomi",,NAOMI YAMASHITA,,,
1,"Yamazaki, Shuhei ",,SHUHEI YAMAZAKI,,,
1,"Yamishita, Masashi",山下 雅史,MASASHI YAMISHITA,,,
,"Yamoto, Kazuma",山本 真史,山本 真史,,,
,Yan Zhang,,YAN ZHANG,,,
,"Yanagida, Shigeo",柳田 敏雄,柳田 敏雄,,,
,"Yanase, Yasuhiro",柳瀬 康宏,柳瀬 康宏,,,
,Yang Dongqing,,YANG DONGQING,,,
,Yang Yang,,YANG YANG,,,
,Yangqiu Song,,YANGQIU SONG,,,
1,"Yasuda, Yousuke ",,YOUSUKE YASUDA,,,
,"Yasuga, Hiroyuki",安賀 広幸,安賀 広幸,,,
1,"Yatsushima, Yuki ",,YUKI YATSUSHIMA,,,
,Yazhi Liu,,YAZHI LIU,,,
,Yi Liu,,YI LIU,,,
,Yi-Ying Zhang,,YI-YING ZHANG,,,
,Yin Huei Loh,,YIN HUEI LOH,,,
,Yiying Zhang,,YIYING ZHANG,,,
?,"Yoda, Ken",依田 憲,KEN YODA,Nagoya Univeristy,名古屋大学,
,"Yokobori, Mitsuru",横堀 充,横堀 充,,,
,"Yokohata, Yuki",横畑 夕貴,横畑 夕貴,,,
1,"Yokoyama, Masahiro",横山 正浩,MASAHIRO YOKOYAMA,Osaka University,大阪大学,
,Yong Lindsay,,YONG LINDSAY,,,
,Yong Zhao,,YONG ZHAO,,,
1,"Yoshida, Mikio",吉田 幹,MIKIO YOSHIDA,,,
1,"Yoshihisa, Tohru ",,TOHRU YOSHIHISA,,,
1,"Yoshihisa, Tomoki ",,TOMOKI YOSHIHISA,,,
1,"Yoshikawa, Masatoshi",義久 智樹,MASATOSHI YOSHIKAWA,,,
,"Yoshikawa, Masatoshi",吉川 正俊,吉川 正俊,,,
1,"Yoshimura, Naoya",吉村 直也,NAOYA YOSHIMURA,Osaka University,大阪大学,
1,"Yoshimura, Takeshi ",吉村 武,TAKESHI YOSHIMURA,,,
,"Yoskota, Kazumasa",横田 一正,横田 一正,,,
,Young-Chon Kim,,YOUNG-CHON KIM,,,
,Yu Chen,,YU CHEN,,,
,Yu Niu,,YU NIU,,,
,Yu-Hsiang Hsu,,YU-HSIANG HSU,,,
,Yuanfang Chen,,YUANFANG CHEN,,,
,Yuhui Dong,,YUHUI DONG,,,
,Zhang Yizhe,,ZHANG YIZHE,,,
,Zhang-Bing Zhou,,ZHANG-BING ZHOU,,,
,Zhangbing Zhou,,ZHANGBING ZHOU,,,
,Zhao Yong,,ZHAO YONG,,,
,Zhen Liu,,ZHEN LIU,,,
,Zhenquan Qin,,ZHENQUAN QIN,,,
,Zhongyuan Wang,,ZHONGYUAN WANG,,,
,Zhu Ming,,ZHU MING,,,
,Zhuxiu Yuan,,ZHUXIU YUAN,,,
,Ziqi Fan,,ZIQI FAN,,,